-6.017666038330909772e-07,4.152418370358659100e-02
-6.001884788330910108e-07,4.205197623642550203e-02
-5.986103538330909386e-07,4.227128918820498293e-02
-5.970322288330909722e-07,4.219152535781787311e-02
-5.954541038330910059e-07,4.190498718061844846e-02
-5.938759788330909336e-07,4.154796304939262913e-02
-5.922978538330909673e-07,4.125290052578096250e-02
-5.907197288330910009e-07,4.110739194164436672e-02
-5.891416038330909287e-07,4.113303368785706238e-02
-5.875634788330909623e-07,4.128909409014901860e-02
-5.859853538330909960e-07,4.149632752246151801e-02
-5.844072288330910296e-07,4.167117870381036732e-02
-5.828291038330909574e-07,4.175670791223982242e-02
-5.812509788330909910e-07,4.173995442924276905e-02
-5.796728538330910246e-07,4.165054792699172254e-02
-5.780947288330909524e-07,4.154337850564011891e-02
-5.765166038330909860e-07,4.147240378358368895e-02
-5.749384788330910197e-07,4.146611752119178790e-02
-5.733603538330909474e-07,4.151349218756292259e-02
-5.717822288330909811e-07,4.156539870456577718e-02
-5.702041038330910147e-07,4.155011366530333983e-02
-5.686259788330909425e-07,4.139833419914389079e-02
-5.670478538330909761e-07,4.106851661745571785e-02
-5.654697288330910097e-07,4.056463039036427298e-02
-5.638916038330909375e-07,3.994093040577415682e-02
-5.623134788330909711e-07,3.929182198272346271e-02
-5.607353538330910048e-07,3.873044496811838683e-02
-5.591572288330909325e-07,3.836130483069615654e-02
-5.575791038330909662e-07,3.825477052961413771e-02
-5.560009788330909998e-07,3.843015638968030889e-02
-5.544228538330909276e-07,3.885185667490762690e-02
-5.528447288330909612e-07,3.943847773185026051e-02
-5.512666038330909948e-07,4.008321095663641698e-02
-5.496884788330910285e-07,4.067955939064477056e-02
-5.481103538330909562e-07,4.114591126499853729e-02
-5.465322288330909899e-07,4.144188220930972860e-02
-5.449541038330910235e-07,4.157327171067896898e-02
-5.433759788330909513e-07,4.158402124359206892e-02
-5.417978538330909849e-07,4.153810449063712745e-02
-5.402197288330910186e-07,4.149699209594905763e-02
-5.386416038330909463e-07,4.149995751403635219e-02
-5.370634788330909800e-07,4.155298489425159753e-02
-5.354853538330910136e-07,4.163063777487047146e-02
-5.339072288330909413e-07,4.168938535298644804e-02
-5.323291038330909750e-07,4.168808731936206324e-02
-5.307509788330910086e-07,4.160824444182269904e-02
-5.291728538330910423e-07,4.146571486325024980e-02
-5.275947288330909700e-07,4.130951267154876760e-02
-5.260166038330910037e-07,4.120600731037994680e-02
-5.244384788330910373e-07,4.121365926995192164e-02
-5.228603538330909651e-07,4.135697935940727682e-02
-5.212822288330909987e-07,4.160954555644472835e-02
-5.197041038330910323e-07,4.189379488492989828e-02
-5.181259788330909601e-07,4.209987301738279258e-02
-5.165478538330909937e-07,4.211907074296188103e-02
-5.149697288330910274e-07,4.188156095148024699e-02
-5.133916038330909551e-07,4.138585348210772896e-02
-5.118134788330909888e-07,4.070880930153319283e-02
-5.102353538330910224e-07,3.999086914674467030e-02
-5.086572288330909502e-07,3.939930777754185875e-02
-5.070791038330909838e-07,3.907993882344096281e-02
-5.055009788330910174e-07,3.911230131343500921e-02
-5.039228538330909452e-07,3.948263428554271010e-02
-5.023447288330909788e-07,4.008417626985980725e-02
-5.007666038330910125e-07,4.074556904651145672e-02
-4.991884788330909402e-07,4.127922934507172875e-02
-4.976103538330909739e-07,4.153422196338187045e-02
-4.960322288330910075e-07,4.143823910704824004e-02
-4.944541038330909353e-07,4.101518260502144686e-02
-4.928759788330909689e-07,4.037373619301255767e-02
-4.912978538330910026e-07,3.967135822109123244e-02
-4.897197288330909303e-07,3.906625239310598796e-02
-4.881416038330909640e-07,3.867260646526789886e-02
-4.865634788330909976e-07,3.853282585160895668e-02
-4.849853538330910312e-07,3.861431338569065036e-02
-4.834072288330909590e-07,3.882989436243518278e-02
-4.818291038330909926e-07,3.907278165091984667e-02
-4.802509788330910263e-07,3.925316022201513766e-02
-4.786728538330909540e-07,3.932423895033791694e-02
-4.770947288330909877e-07,3.928983967505782909e-02
-4.755166038330910213e-07,3.919276172564169214e-02
-4.739384788330908961e-07,3.909079032518671809e-02
-4.723603538330909827e-07,3.902989709918969902e-02
-4.707822288330910163e-07,3.902587532459524805e-02
-4.692041038330909970e-07,3.906077870748180664e-02
-4.676259788330909777e-07,3.909490447409075253e-02
-4.660478538330910114e-07,3.908873612607754316e-02
-4.644697288330909921e-07,3.902536653367510988e-02
-4.628916038330910257e-07,3.892433716395265336e-02
-4.613134788330910064e-07,3.884052643382625986e-02
-4.597353538330909871e-07,3.884769805805689952e-02
-4.581572288330910207e-07,3.901200305385749134e-02
-4.565791038330910014e-07,3.936422251217192719e-02
-4.550009788330909821e-07,3.988119478691728309e-02
-4.534228538330910158e-07,4.048334080859684186e-02
-4.518447288330909965e-07,4.105029268886019322e-02
-4.502666038330909772e-07,4.145063779120122804e-02
-4.486884788330910108e-07,4.157729489422525709e-02
-4.471103538330909915e-07,4.137843707258780090e-02
-4.455322288330910252e-07,4.087466529359971151e-02
-4.439541038330910059e-07,4.015764911062429110e-02
-4.423759788330909866e-07,3.937006036598741238e-02
-4.407978538330910202e-07,3.867302751273903744e-02
-4.392197288330910009e-07,3.820892934161163740e-02
-4.376416038330909816e-07,3.806941924244899855e-02
-4.360634788330910152e-07,3.827661121407190115e-02
-4.344853538330909959e-07,3.878094435284362013e-02
-4.329072288330909766e-07,3.947533130427594711e-02
-4.313291038330910103e-07,4.022120688080472323e-02
-4.297509788330909910e-07,4.087944464207889095e-02
-4.281728538330910246e-07,4.133854213073653167e-02
-4.265947288330910053e-07,4.153351168187525977e-02
-4.250166038330909860e-07,4.145268170056928131e-02
-4.234384788330910196e-07,4.113171664908345931e-02
-4.218603538330910003e-07,4.063787300229661226e-02
-4.202822288330909810e-07,4.004951773557301198e-02
-4.187041038330910147e-07,3.943655519129236203e-02
-4.171259788330909954e-07,3.884711738564181754e-02
-4.155478538330909761e-07,3.830293589983305852e-02
-4.139697288330910097e-07,3.780399705117808151e-02
-4.123916038330909904e-07,3.734014504665567752e-02
-4.108134788330910240e-07,3.690595195763494984e-02
-4.092353538330910047e-07,3.651292820117697790e-02
-4.076572288330909854e-07,3.619559660919183935e-02
-4.060791038330910191e-07,3.600880244002296893e-02
-4.045009788330909998e-07,3.601626760686264805e-02
-4.029228538330909805e-07,3.627368862251326848e-02
-4.013447288330910141e-07,3.680961895519285071e-02
-3.997666038330909948e-07,3.761055602018306687e-02
-3.981884788330909755e-07,3.861471132546354795e-02
-3.966103538330910092e-07,3.971695832613211796e-02
-3.950322288330909899e-07,4.078491057252772722e-02
-3.934541038330910235e-07,4.168244253177438852e-02
-3.918759788330910042e-07,4.229612063142935280e-02
-3.902978538330909849e-07,4.255810912877829727e-02
-3.887197288330910185e-07,4.245986683668343670e-02
-3.871416038330909992e-07,4.205306378289865032e-02
-3.855634788330909799e-07,4.143754802587663877e-02
-3.839853538330910136e-07,4.073892946944093763e-02
-3.824072288330909943e-07,4.008102805821216891e-02
-3.808291038330909750e-07,3.955988367320956156e-02
-3.792509788330910086e-07,3.922577666345537784e-02
-3.776728538330909893e-07,3.907728938664665336e-02
-3.760947288330910229e-07,3.906848368258389326e-02
-3.745166038330910036e-07,3.912712856413633200e-02
-3.729384788330909843e-07,3.917872329371568235e-02
-3.713603538330910180e-07,3.916960792580773121e-02
-3.697822288330909987e-07,3.908278439122329223e-02
-3.682041038330909794e-07,3.894218224531840328e-02
-3.666259788330910130e-07,3.880434966260550705e-02
-3.650478538330909937e-07,3.874017556090080666e-02
-3.634697288330909744e-07,3.881233082926714012e-02
-3.618916038330910080e-07,3.905497549607817726e-02
-3.603134788330909887e-07,3.946166126389624024e-02
-3.587353538330910224e-07,3.998532362277090052e-02
-3.571572288330910031e-07,4.055011804013008980e-02
-3.555791038330909838e-07,4.107118596330359278e-02
-3.540009788330910174e-07,4.147680073109852317e-02
-3.524228538330909981e-07,4.172573295987101055e-02
-3.508447288330909788e-07,4.181537292470245692e-02
-3.492666038330910125e-07,4.177842276144465294e-02
-3.476884788330909932e-07,4.166958759065116785e-02
-3.461103538330909739e-07,4.154761172829069676e-02
-3.445322288330910075e-07,4.145802780602803050e-02
-3.429541038330909882e-07,4.142229393518875175e-02
-3.413759788330910218e-07,4.143621178865256743e-02
-3.397978538330910025e-07,4.147702642495507130e-02
-3.382197288330909832e-07,4.151642097488272148e-02
-3.366416038330910169e-07,4.153368460079696206e-02
-3.350634788330909976e-07,4.152444750679602781e-02
-3.334853538330909783e-07,4.150173893315026175e-02
-3.319072288330910119e-07,4.148891247946651789e-02
-3.303291038330909926e-07,4.150774293954675315e-02
-3.287509788330910262e-07,4.156579529124133920e-02
-3.271728538330910069e-07,4.164833206659784848e-02
-3.255947288330909876e-07,4.171814079962842675e-02
-3.240166038330910213e-07,4.172379845493841277e-02
-3.224384788330910020e-07,4.161463366047790657e-02
-3.208603538330909827e-07,4.135746259549544224e-02
-3.192822288330910163e-07,4.094999377494860232e-02
-3.177041038330909970e-07,4.042630498466460998e-02
-3.161259788330909777e-07,3.985217531550504233e-02
-3.145478538330910113e-07,3.931126791776209939e-02
-3.129697288330909920e-07,3.888529508377314148e-02
-3.113916038330910257e-07,3.863368558226738803e-02
-3.098134788330910064e-07,3.857827097613614198e-02
-3.082353538330909871e-07,3.869731026090712789e-02
-3.066572288330910207e-07,3.893061400119360305e-02
-3.050791038330910014e-07,3.919471849350839726e-02
-3.035009788330909821e-07,3.940410499238453101e-02
-3.019228538330910158e-07,3.949341037055321274e-02
-3.003447288330909965e-07,3.943464284570220857e-02
-2.987666038330909772e-07,3.924473626183806740e-02
-2.971884788330910108e-07,3.898174533483227816e-02
-2.956103538330909915e-07,3.872989292462560712e-02
-2.940322288330910251e-07,3.857771550872352018e-02
-2.924541038330910058e-07,3.859472265236046917e-02
-2.908759788330909865e-07,3.881315495559890805e-02
-2.892978538330910202e-07,3.921908255077211081e-02
-2.877197288330910009e-07,3.975592763403913710e-02
-2.861416038330909816e-07,4.033935584772656985e-02
-2.845634788330910152e-07,4.087935335367050282e-02
-2.829853538330909959e-07,4.130286016720848691e-02
-2.814072288330909766e-07,4.157105981656465665e-02
-2.798291038330910102e-07,4.168578986382866919e-02
-2.782509788330909909e-07,4.168396041245576306e-02
-2.766728538330910246e-07,4.162209742691411890e-02
-2.750947288330910053e-07,4.155560116641186102e-02
-2.735166038330909860e-07,4.152170740272929234e-02
-2.719384788330910196e-07,4.152947696163861863e-02
-2.703603538330910003e-07,4.156164159484045800e-02
-2.687822288330909810e-07,4.158662895264478299e-02
-2.672041038330910146e-07,4.157532716685970187e-02
-2.656259788330909953e-07,4.151734496117945317e-02
-2.640478538330909760e-07,4.142851410384382205e-02
-2.624697288330910097e-07,4.134714332847756052e-02
-2.608916038330909904e-07,4.131937287336390902e-02
-2.593134788330910240e-07,4.137876960182061692e-02
-2.577353538330910047e-07,4.152783034618508923e-02
-2.561572288330909854e-07,4.172901218943701751e-02
-2.545791038330910191e-07,4.191002722930912971e-02
-2.530009788330909998e-07,4.198319138312332083e-02
-2.514228538330909805e-07,4.187340819218578897e-02
-2.498447288330910141e-07,4.154590074685374224e-02
-2.482666038330909948e-07,4.102414976976530986e-02
-2.466884788330909755e-07,4.039100274390083206e-02
-2.451103538330910091e-07,3.977129974670377821e-02
-2.435322288330909898e-07,3.930014404510637910e-02
-2.419541038330910235e-07,3.908664536341478757e-02
-2.403759788330910042e-07,3.918313438533496673e-02
-2.387978538330909849e-07,3.957003880660280026e-02
-2.372197288330909920e-07,4.016095607642423265e-02
-2.356416038330909992e-07,4.082617431624067927e-02
-2.340634788330910064e-07,4.142786357166351047e-02
-2.324853538330909871e-07,4.185576770141175018e-02
-2.309072288330909942e-07,4.205359287955447861e-02
-2.293291038330910014e-07,4.202863552897184718e-02
-2.277509788330910086e-07,4.184266137903824845e-02
-2.261728538330909893e-07,4.158867645209458203e-02
-2.245947288330909964e-07,4.136109007157980771e-02
-2.230166038330910036e-07,4.122886511981235097e-02
-2.214384788330910108e-07,4.121928662496113921e-02
-2.198603538330909915e-07,4.131612536639583944e-02
-2.182822288330909986e-07,4.147115134843112200e-02
-2.167041038330910058e-07,4.162390176370991957e-02
-2.151259788330910130e-07,4.172274892758059267e-02
-2.135478538330909937e-07,4.174056470691221710e-02
-2.119697288330910009e-07,4.168045821373562998e-02
-2.103916038330910080e-07,4.157153478542890274e-02
-2.088134788330909887e-07,4.145627048118730867e-02
-2.072353538330909959e-07,4.137514821949898891e-02
-2.056572288330910031e-07,4.135342288490193724e-02
-2.040791038330910102e-07,4.139408053900327927e-02
-2.025009788330909909e-07,4.147865852016215105e-02
-2.009228538330909981e-07,4.157492433426063921e-02
-1.993447288330910053e-07,4.164849489933494797e-02
-1.977666038330910124e-07,4.167438403032795724e-02
-1.961884788330909931e-07,4.164509974094349198e-02
-1.946103538330910003e-07,4.157220787113517779e-02
-1.930322288330910075e-07,4.148224733425229238e-02
-1.914541038330909882e-07,4.140749570182507278e-02
-1.898759788330909953e-07,4.137499425908763850e-02
-1.882978538330910025e-07,4.139725931981660251e-02
-1.867197288330910097e-07,4.146778218484337836e-02
-1.851416038330909904e-07,4.156255860855698203e-02
-1.835634788330909975e-07,4.164785354336091733e-02
-1.819853538330910047e-07,4.169147959902067685e-02
-1.804072288330910119e-07,4.167432416822223346e-02
-1.788291038330909926e-07,4.159792538061084927e-02
-1.772509788330909997e-07,4.148583413393471669e-02
-1.756728538330910069e-07,4.137713656461226158e-02
-1.740947288330909876e-07,4.131378520185133296e-02
-1.725166038330909948e-07,4.132557063072805209e-02
-1.709384788330910019e-07,4.141753705783905032e-02
-1.693603538330910091e-07,4.156505095935199290e-02
-1.677822288330909898e-07,4.171884449383404803e-02
-1.662041038330909970e-07,4.181966223013253159e-02
-1.646259788330910042e-07,4.181868031469963137e-02
-1.630478538330910113e-07,4.169702883215301026e-02
-1.614697288330909920e-07,4.147806708959646260e-02
-1.598916038330909992e-07,4.122684207734664263e-02
-1.583134788330910064e-07,4.103528413657391016e-02
-1.567353538330909871e-07,4.099650887182121339e-02
-1.551572288330909942e-07,4.117516183150544268e-02
-1.535791038330910014e-07,4.158366952843688125e-02
-1.520009788330910086e-07,4.217168990726036237e-02
-1.504228538330909893e-07,4.283383313000972692e-02
-1.488447288330909964e-07,4.343436654709120770e-02
-1.472666038330910036e-07,4.384203598271788765e-02
-1.456884788330910108e-07,4.396550965482268203e-02
-1.441103538330909915e-07,4.377827542346852951e-02
-1.425322288330909986e-07,4.332579419159648948e-02
-1.409541038330910058e-07,4.271248525007510788e-02
-1.393759788330910130e-07,4.207237723529264062e-02
-1.377978538330909937e-07,4.153314998281335685e-02
-1.362197288330910008e-07,4.118348168985729030e-02
-1.346416038330910080e-07,4.105380988972986284e-02
-1.330634788330909887e-07,4.111541040939602210e-02
-1.314853538330909959e-07,4.129573002294849998e-02
-1.299072288330910030e-07,4.150669618513695702e-02
-1.283291038330910102e-07,4.167162502499074245e-02
-1.267509788330909909e-07,4.174640440278248182e-02
-1.251728538330909981e-07,4.173056852414751966e-02
-1.235947288330910052e-07,4.164341064176423080e-02
-1.220166038330910124e-07,4.153931490310536906e-02
-1.204384788330909931e-07,4.145893081454606749e-02
-1.188603538330910003e-07,4.142358823034907739e-02
-1.172822288330909942e-07,4.144218557991970892e-02
-1.157041038330910940e-07,4.147235958940870271e-02
-1.141259788330909953e-07,4.151499003600996746e-02
-1.125478538330910025e-07,4.154898147515947993e-02
-1.109697288330911023e-07,4.156009169109241980e-02
-1.093916038330910036e-07,4.156132041410411787e-02
-1.078134788330909975e-07,4.153158688441301732e-02
-1.062353538330910973e-07,4.152140299118636801e-02
-1.046572288330909986e-07,4.154073361142190252e-02
-1.030791038330910058e-07,4.157831011527701737e-02
-1.015009788330911056e-07,4.162148479371836213e-02
-9.992285383309098043e-08,4.160794217746299761e-02
-9.834472883309101407e-08,4.155380083754044163e-02
-9.676660383309104770e-08,4.146343824501853154e-02
-9.518847883309097546e-08,4.135828632572278313e-02
-9.361035383309100910e-08,4.128999469398267341e-02
-9.203222883309104274e-08,4.128231981845820880e-02
-9.045410383309097050e-08,4.141383339499195293e-02
-8.887597883309100414e-08,4.171645522059316130e-02
-8.729785383309103778e-08,4.217961588814651830e-02
-8.571972883309107141e-08,4.275672942205791666e-02
-8.414160383309099917e-08,4.332807755926017940e-02
-8.256347883309103281e-08,4.380120108020867792e-02
-8.098535383309106645e-08,4.406446463326967738e-02
-7.940722883309099421e-08,4.402956416901315784e-02
-7.782910383309102785e-08,4.365779887112820196e-02
-7.625097883309106149e-08,4.297984333451174838e-02
-7.467285383309098925e-08,4.208150640627181943e-02
-7.309472883309102288e-08,4.111337815125246098e-02
-7.151660383309105652e-08,4.022697173935955300e-02
-6.993847883309098428e-08,3.954917192294250122e-02
-6.836035383309101792e-08,3.915548926073098707e-02
-6.678222883309105156e-08,3.903719323816363246e-02
-6.520410383309097932e-08,3.913341643907643219e-02
-6.362597883309101296e-08,3.932019288185407274e-02
-6.204785383309104659e-08,3.946230170707352991e-02
-6.046972883309097435e-08,3.946383448795255655e-02
-5.889160383309100799e-08,3.928586614212101202e-02
-5.731347883309104163e-08,3.899023894245917665e-02
-5.573535383309108189e-08,3.868471667967215283e-02
-5.415722883309100303e-08,3.849419018201442888e-02
-5.257910383309104328e-08,3.851666284903471765e-02
-5.100097883309107031e-08,3.876397219156463292e-02
-4.942285383309099806e-08,3.918011068646636008e-02
-4.784472883309103170e-08,3.961910181707246209e-02
-4.626660383309107196e-08,3.990530565024905107e-02
-4.468847883309099310e-08,3.990499718070215224e-02
-4.311035383309102674e-08,3.956657465052355882e-02
-4.153222883309106038e-08,3.898675353026907764e-02
-3.995410383309098814e-08,3.835588051702205903e-02
-3.837597883309102178e-08,3.791206495078761757e-02
-3.679785383309106203e-08,3.786522278451077278e-02
-3.521972883309098317e-08,3.829844384459091949e-02
-3.364160383309101681e-08,3.916134803388748864e-02
-3.206347883309105045e-08,4.023726886184016832e-02
-3.048535383309097821e-08,4.122101194263051716e-02
-2.890722883309100854e-08,4.183242783418975042e-02
-2.732910383309104879e-08,4.190800121818054336e-02
-2.575097883309107912e-08,4.151878404843557108e-02
-2.417285383309101019e-08,4.093589806887083793e-02
-2.259472883309104052e-08,4.056749518549160327e-02
-2.101660383309107085e-08,4.082475007823135882e-02
-1.943847883309099861e-08,4.193267090645436124e-02
-1.786035383309103887e-08,4.383621649110437668e-02
-1.628222883309106920e-08,4.610319451381265227e-02
-1.470410383309100026e-08,4.800368506312086697e-02
-1.312597883309103059e-08,4.871271487863997052e-02
-1.154785383309105927e-08,4.757726059507944721e-02
-9.969728833090991992e-09,4.448367317349392197e-02
-8.391603833091025630e-09,4.008386646916829721e-02
-6.813478833091059269e-09,3.594616034209496824e-02
-5.235353833090987028e-09,3.451579790197432246e-02
-3.657228833091021080e-09,3.884095602318043267e-02
-2.079103833091053891e-09,5.219723823354086023e-02
-5.009788330909820640e-10,7.751293570394841848e-02
1.077146166908984091e-09,1.168482270187913008e-01
2.655271166908951073e-09,1.709769494867416084e-01
4.233396166909022900e-09,2.391287921052989984e-01
5.811521166908989261e-09,3.190394673210850129e-01
7.389646166908955623e-09,4.071708179481483003e-01
8.967771166908921985e-09,4.991854074489124882e-01
1.054589616690898926e-08,5.905338459863044287e-01
1.212402116690896059e-08,6.770009605111277917e-01
1.370214616690893026e-08,7.551788415666268461e-01
1.528027116690899919e-08,8.227367071850938407e-01
1.685839616690896886e-08,8.784835652249789462e-01
1.843652116690892860e-08,9.222300296345045112e-01
2.001464616690900084e-08,9.544698167626356478e-01
2.159277116690897051e-08,9.760218967193080575e-01
2.317089616690894019e-08,9.877639936656521513e-01
2.474902116690900912e-08,9.904541210010754382e-01
2.632714616690897879e-08,9.847077378472569587e-01
2.790527116690893853e-08,9.710738863961378975e-01
2.948339616690901077e-08,9.501804654245196158e-01
3.106152116690898044e-08,9.229478888432010031e-01
3.263964616690894680e-08,8.906829634620376801e-01
3.421777116690901904e-08,8.550590241129563118e-01
3.579589616690899202e-08,8.179879415623574346e-01
3.737402116690895177e-08,7.813074540777406041e-01
3.895214616690891813e-08,7.466345364279670660e-01
4.053027116690899037e-08,7.151316533698511835e-01
4.210839616690895673e-08,6.874199903728602790e-01
4.368652116690892309e-08,6.636226343395909000e-01
4.526464616690900195e-08,6.434348595926059344e-01
4.684277116690896170e-08,6.263954218288626530e-01
4.842089616690892806e-08,6.120464712653898021e-01
4.999902116690900030e-08,6.000689916068346896e-01
5.157714616690897328e-08,5.903326913102892037e-01
5.315527116690893302e-08,5.827895040632746770e-01
5.473339616690901188e-08,5.774312602412076112e-01
5.631152116690897162e-08,5.741531374714927694e-01
5.788964616690893799e-08,5.726858438196722467e-01
5.946777116690901023e-08,5.725990061949263188e-01
6.104589616690897659e-08,5.733075091252283206e-01
6.262402116690894295e-08,5.742298412598354496e-01
6.420214616690901519e-08,5.748775869988967946e-01
6.578027116690898155e-08,5.749396881186273900e-01
6.735839616690894791e-08,5.743161022714875497e-01
6.893652116690891427e-08,5.730314638440378028e-01
7.051464616690898652e-08,5.712103786051209164e-01
7.209277116690895288e-08,5.689781206715888162e-01
7.367089616690891924e-08,5.664067098611234030e-01
7.524902116690899148e-08,5.635086776418225529e-01
7.682714616690895784e-08,5.602171152437848134e-01
7.840527116690892420e-08,5.564842850132911689e-01
7.998339616690899644e-08,5.523247780642650540e-01
8.156152116690896280e-08,5.478526267270462657e-01
8.313964616690892917e-08,5.432846519505720728e-01
8.471777116690900141e-08,5.388529630245537660e-01
8.629589616690896777e-08,5.347764964091150652e-01
8.787402116690893413e-08,5.311860886620268785e-01
8.945214616690900637e-08,5.280909652065921556e-01
9.103027116690897273e-08,5.253910191475914537e-01
9.260839616690893909e-08,5.228810394451619548e-01
9.418652116690901134e-08,5.203508834364873881e-01
9.576464616690897770e-08,5.176474485667136305e-01
9.734277116690894406e-08,5.147274483086984320e-01
9.892089616690891042e-08,5.116790200323536597e-01
1.004990211669089959e-07,5.086608287770812975e-01
1.020771461669088961e-07,5.058741581124521769e-01
1.036552711669089021e-07,5.034929415737046110e-01
1.052333961669090009e-07,5.016132634700390946e-01
1.068115211669089937e-07,5.002346320780678424e-01
1.083896461669088939e-07,4.992344621159078843e-01
1.099677711669090058e-07,4.984233200523773832e-01
1.115458961669089987e-07,4.975905481280710752e-01
1.131240211669088988e-07,4.965558706303325187e-01
1.147021461669089976e-07,4.952125136783209758e-01
1.162802711669090036e-07,4.935142444142844864e-01
1.178583961669089038e-07,4.914856078691964836e-01
1.194365211669090025e-07,4.892008943336602078e-01
1.210146461669089953e-07,4.867600396299223142e-01
1.225927711669089088e-07,4.842725169458008128e-01
1.241708961669090075e-07,4.818178385083645154e-01
1.257490211669090003e-07,4.794519594551203134e-01
1.273271461669088873e-07,4.772093498899688813e-01
1.289052711669089066e-07,4.751078790291025089e-01
1.304833961669090053e-07,4.731574542690278884e-01
1.320615211669088922e-07,4.713399415147621063e-01
1.336396461669089115e-07,4.696152376579457166e-01
1.352177711669090102e-07,4.679257399517047777e-01
1.367958961669090031e-07,4.662026530567279781e-01
1.383740211669088900e-07,4.643776086191134800e-01
1.399521461669089887e-07,4.623988125973578778e-01
1.415302711669090080e-07,4.602331427695762756e-01
1.431083961669088950e-07,4.578884722603304147e-01
1.446865211669089937e-07,4.554132179150979787e-01
1.462646461669090130e-07,4.528817297162917033e-01
1.478427711669089000e-07,4.504090876774115015e-01
1.494208961669089987e-07,4.480953955474473727e-01
1.509990211669089915e-07,4.460264349275077089e-01
1.525771461669089049e-07,4.442472850964596098e-01
1.541552711669090036e-07,4.427500025576405762e-01
1.557333961669089965e-07,4.414599261365668159e-01
1.573115211669089099e-07,4.403150758445962820e-01
1.588896461669090086e-07,4.392027064814039150e-01
1.604677711669090014e-07,4.380266268612034164e-01
1.620458961669088884e-07,4.367117162605754221e-01
1.636240211669089077e-07,4.352010204748962829e-01
1.652021461669090064e-07,4.335198116563629966e-01
1.667802711669088933e-07,4.316944384776558730e-01
1.683583961669089126e-07,4.297804173889713808e-01
1.699365211669090113e-07,4.278323681401485223e-01
1.715146461669090042e-07,4.258780835985517266e-01
1.730927711669088911e-07,4.239511566416357957e-01
1.746708961669089898e-07,4.220409545260471185e-01
1.762490211669090091e-07,4.201315335989566080e-01
1.778271461669088961e-07,4.182062874078760206e-01
1.794052711669089948e-07,4.162546960286270248e-01
1.809833961669089876e-07,4.143092102880219230e-01
1.825615211669089011e-07,4.124116925165985936e-01
1.841396461669089998e-07,4.106260189907777192e-01
1.857177711669089926e-07,4.090130117843733260e-01
1.872958961669089060e-07,4.076022976583755231e-01
1.888740211669090047e-07,4.063954787297744953e-01
1.904521461669089976e-07,4.053283289152794233e-01
1.920302711669089110e-07,4.042943739149494897e-01
1.936083961669089038e-07,4.031581100846493015e-01
1.951865211669090025e-07,4.017790939502837166e-01
1.967646461669088895e-07,4.000681145082641832e-01
1.983427711669089088e-07,3.979881626673837935e-01
1.999208961669090075e-07,3.955893489263019869e-01
2.014990211669088944e-07,3.929996327699871173e-01
2.030771461669088873e-07,3.903951958485322726e-01
2.046552711669090125e-07,3.879837474458567859e-01
2.062333961669090053e-07,3.859306485392154928e-01
2.078115211669088922e-07,3.843357024173069125e-01
2.093896461669089910e-07,3.831995412977857174e-01
2.109677711669090103e-07,3.824118510147058725e-01
2.125458961669088972e-07,3.817918350751681178e-01
2.141240211669089959e-07,3.811018242562084213e-01
2.157021461669089887e-07,3.801189936062324137e-01
2.172802711669089022e-07,3.786831585482792195e-01
2.188583961669090009e-07,3.767312451022986064e-01
2.204365211669089937e-07,3.743332673279904932e-01
2.220146461669089071e-07,3.716552576165904065e-01
2.235927711669089000e-07,3.689378923150378742e-01
2.251708961669089987e-07,3.664337179472108019e-01
2.267490211669089121e-07,3.643395331654782909e-01
2.283271461669089049e-07,3.627642878478410937e-01
2.299052711669090036e-07,3.616798111380445935e-01
2.314833961669088906e-07,3.609442866489167012e-01
2.330615211669089099e-07,3.603353982888938822e-01
2.346396461669090086e-07,3.596047490961480908e-01
2.362177711669088956e-07,3.585607072607374102e-01
2.377958961669088884e-07,3.570985992230216732e-01
2.393740211669089871e-07,3.552425901741060876e-01
2.409521461669090064e-07,3.531312700892619838e-01
2.425302711669089198e-07,3.509696951996353897e-01
2.441083961669089921e-07,3.489832368468894774e-01
2.456865211669090114e-07,3.473299176132245147e-01
2.472646461669089248e-07,3.460685796221855126e-01
2.488427711669089970e-07,3.451377270632521865e-01
2.504208961669090163e-07,3.443702026807539118e-01
2.519990211669088768e-07,3.435601684539735801e-01
2.535771461669088961e-07,3.425062781717205240e-01
2.551552711669090213e-07,3.410876205274914197e-01
2.567333961669088818e-07,3.392957483526887752e-01
2.583115211669089011e-07,3.372313232958463192e-01
2.598896461669090263e-07,3.350873045624839230e-01
2.614677711669088867e-07,3.330708426211457795e-01
2.630458961669089060e-07,3.313563611034904821e-01
2.646240211669089783e-07,3.300314686261516806e-01
2.662021461669088917e-07,3.290736765408061038e-01
2.677802711669089110e-07,3.283566822678963271e-01
2.693583961669089832e-07,3.277086377097386261e-01
2.709365211669088967e-07,3.269412299022508850e-01
2.725146461669089160e-07,3.259170052477116108e-01
2.740927711669089882e-07,3.245782666454207210e-01
2.756708961669090075e-07,3.229502492670703884e-01
2.772490211669089209e-07,3.211416636412079972e-01
2.788271461669089932e-07,3.192854738031357109e-01
2.804052711669090125e-07,3.175140468315870157e-01
2.819833961669089259e-07,3.159214283647737154e-01
2.835615211669089981e-07,3.145421489522212122e-01
2.851396461669090174e-07,3.133704551273697736e-01
2.867177711669088779e-07,3.123529567825130138e-01
2.882958961669088972e-07,3.114243959938566841e-01
2.898740211669090224e-07,3.105211086313743873e-01
2.914521461669088829e-07,3.095865103344319080e-01
2.930302711669089022e-07,3.085895937211490803e-01
2.946083961669089744e-07,3.074983743574096207e-01
2.961865211669088878e-07,3.062903765523671828e-01
2.977646461669089071e-07,3.049480426348548101e-01
2.993427711669089794e-07,3.034601261803306915e-01
3.009208961669088928e-07,3.018478687283234763e-01
3.024990211669089121e-07,3.001509031434955177e-01
3.040771461669089844e-07,2.984412936168026054e-01
3.056552711669090037e-07,2.968074703852547902e-01
3.072333961669089171e-07,2.953283238442006020e-01
3.088115211669089893e-07,2.940644263004972836e-01
3.103896461669090086e-07,2.930167648897026855e-01
3.119677711669089220e-07,2.921337978990191098e-01
3.135458961669089943e-07,2.913174557759258820e-01
3.151240211669090136e-07,2.904452528041112092e-01
3.167021461669088741e-07,2.894209752464769747e-01
3.182802711669088934e-07,2.881869635542739783e-01
3.198583961669090185e-07,2.867561713472889795e-01
3.214365211669088790e-07,2.852050258429467133e-01
3.230146461669088983e-07,2.836448296600163066e-01
3.245927711669090235e-07,2.821989669619590080e-01
3.261708961669088840e-07,2.809441776987651740e-01
3.277490211669089033e-07,2.798969073467645896e-01
3.293271461669089755e-07,2.790035970626925099e-01
3.309052711669088890e-07,2.781545530428934931e-01
3.324833961669089083e-07,2.772344867954502079e-01
3.340615211669089805e-07,2.761448299029163889e-01
3.356396461669088939e-07,2.748489528052440178e-01
3.372177711669089132e-07,2.733800218125254089e-01
3.387958961669089855e-07,2.718242902094831770e-01
3.403740211669090048e-07,2.703028971189488927e-01
3.419521461669089182e-07,2.689142696325438897e-01
3.435302711669089904e-07,2.677137661259473833e-01
3.451083961669090097e-07,2.666952087773997726e-01
3.466865211669089231e-07,2.657951904445937097e-01
3.482646461669088895e-07,2.649341582039512200e-01
3.498427711669090147e-07,2.640344564885463985e-01
3.514208961669088752e-07,2.630617757904963883e-01
3.529990211669088945e-07,2.620326539801263732e-01
3.545771461669090197e-07,2.609989859010978241e-01
3.561552711669089860e-07,2.600314928384869773e-01
3.577333961669088994e-07,2.591675946753044801e-01
3.593115211669090246e-07,2.583972354880818001e-01
3.608896461669089910e-07,2.576538776700862954e-01
3.624677711669089044e-07,2.568297012980165217e-01
3.640458961669089766e-07,2.558256823533855973e-01
3.656240211669087842e-07,2.545775656271911935e-01
3.672021461669089094e-07,2.530980491575792746e-01
3.687802711669089816e-07,2.514779746209889755e-01
3.703583961669087891e-07,2.498571261274548927e-01
3.719365211669089143e-07,2.483885083561664930e-01
3.735146461669089866e-07,2.471686186832496024e-01
3.750927711669087941e-07,2.462097807852577924e-01
3.766708961669089193e-07,2.454275333306281948e-01
3.782490211669089915e-07,2.446633019232365980e-01
3.798271461669089050e-07,2.437504373066919916e-01
3.814052711669089243e-07,2.425629799825549104e-01
3.829833961669089965e-07,2.410773076561696093e-01
3.845615211669089099e-07,2.393859352624644055e-01
3.861396461669088763e-07,2.376717151125667948e-01
3.877177711669090015e-07,2.361443218196518923e-01
3.892958961669089149e-07,2.349795637626893030e-01
3.908740211669088812e-07,2.342379446400089105e-01
3.924521461669090064e-07,2.338477667569039131e-01
3.940302711669089198e-07,2.336198218244117109e-01
3.956083961669088862e-07,2.333044845140231915e-01
3.971865211669090114e-07,2.326874973587952922e-01
3.987646461669089248e-07,2.316486442125972045e-01
4.003427711669088912e-07,2.302150102263608999e-01
4.019208961669090164e-07,2.285498536751320031e-01
4.034990211669088768e-07,2.268935408139390042e-01
4.050771461669088961e-07,2.254920847003828999e-01
4.066552711669090213e-07,2.244959848090276877e-01
4.082333961669088818e-07,2.239170813572853025e-01
4.098115211669090070e-07,2.236204398539285987e-01
4.113896461669090263e-07,2.233680465440945895e-01
4.129677711669088868e-07,2.229138042308002055e-01
4.145458961669090119e-07,2.220758020116138098e-01
4.161240211669089783e-07,2.208104533718137918e-01
4.177021461669088917e-07,2.192246849016991905e-01
4.192802711669090169e-07,2.175347487786331024e-01
4.208583961669089833e-07,2.160006761572784983e-01
4.224365211669088967e-07,2.148208962677659872e-01
4.240146461669090219e-07,2.140720186436060046e-01
4.255927711669087765e-07,2.136792510845686999e-01
4.271708961669089017e-07,2.134399725588621011e-01
4.287490211669089739e-07,2.131058995812450119e-01
4.303271461669087814e-07,2.124560621249272085e-01
4.319052711669089066e-07,2.113824928333644937e-01
4.334833961669089789e-07,2.099232326553920891e-01
4.350615211669087864e-07,2.082441249007254136e-01
4.366396461669089116e-07,2.065905430358379868e-01
4.382177711669089838e-07,2.051903331289212096e-01
4.397958961669087914e-07,2.041873739817491040e-01
4.413740211669089165e-07,2.035944801400370041e-01
4.429521461669089888e-07,2.032926437015359078e-01
4.445302711669087963e-07,2.030881684341172000e-01
4.461083961669089215e-07,2.027706857555643949e-01
4.476865211669089938e-07,2.021942615902815044e-01
4.492646461669089072e-07,2.013206258789607961e-01
4.508427711669088735e-07,2.002216646833140101e-01
4.524208961669089987e-07,1.990553177564632070e-01
4.539990211669089121e-07,1.979910943975881910e-01
4.555771461669088785e-07,1.971557097582332940e-01
4.571552711669090037e-07,1.965858955487949089e-01
4.587333961669089171e-07,1.962156092058847112e-01
4.603115211669088835e-07,1.959129398151732981e-01
4.618896461669090086e-07,1.955189004168804978e-01
4.634677711669089221e-07,1.949141794071954925e-01
4.650458961669088884e-07,1.940585534582028870e-01
4.666240211669090136e-07,1.930001912589323909e-01
4.682021461669088741e-07,1.918647693169270863e-01
4.697802711669088934e-07,1.907978053092392878e-01
4.713583961669090186e-07,1.899213239194459946e-01
4.729365211669088791e-07,1.892896766320918134e-01
4.745146461669090042e-07,1.888699287700877083e-01
4.760927711669090235e-07,1.885635748860602923e-01
4.776708961669088840e-07,1.882306086020635039e-01
4.792490211669089563e-07,1.877438747428180066e-01
4.808271461669090285e-07,1.870261712780975916e-01
4.824052711669088890e-07,1.860677405296967957e-01
4.839833961669089612e-07,1.849307276027981894e-01
4.855615211669090335e-07,1.837121794828754928e-01
4.871396461669088939e-07,1.825163208475208965e-01
4.887177711669089662e-07,1.814183810333624136e-01
4.902958961669088267e-07,1.804416074302273021e-01
4.918740211669088989e-07,1.795649826689285078e-01
4.934521461669089711e-07,1.787287403096149974e-01
4.950302711669088316e-07,1.778698380486191111e-01
4.966083961669089039e-07,1.769466015501922895e-01
4.981865211669089761e-07,1.759553640795505081e-01
4.997646461669088366e-07,1.749300899761701000e-01
5.013427711669089088e-07,1.739405339758831048e-01
5.029208961669089811e-07,1.730566529216923943e-01
5.044990211669088416e-07,1.723336897601535911e-01
5.060771461669089138e-07,1.717920859901433117e-01
5.076552711669089860e-07,1.714089088609123124e-01
5.092333961669088465e-07,1.711340558328758865e-01
5.108115211669089188e-07,1.708924753932518081e-01
5.123896461669089910e-07,1.706110247123245882e-01
5.139677711669088515e-07,1.702319193453850910e-01
5.155458961669089237e-07,1.697195282174182862e-01
5.171240211669089960e-07,1.690710115970661120e-01
5.187021461669088565e-07,1.682981889656570973e-01
5.202802711669089287e-07,1.674262702579707995e-01
5.218583961669090009e-07,1.664821814838066127e-01
5.234365211669088614e-07,1.654862265101270935e-01
5.250146461669089337e-07,1.644597052095908007e-01
5.265927711669090059e-07,1.634156327804187070e-01
5.281708961669088664e-07,1.623704559615476994e-01
5.297490211669089386e-07,1.613448969363455998e-01
5.313271461669090109e-07,1.603622419830026957e-01
5.329052711669088713e-07,1.594550997947083992e-01
5.344833961669089436e-07,1.586488913310825088e-01
5.360615211669090158e-07,1.579633658210861935e-01
5.376396461669088763e-07,1.574047603587774014e-01
5.392177711669089485e-07,1.569601790018340104e-01
5.407958961669090208e-07,1.566059904519394030e-01
5.423740211669088813e-07,1.562997733936181965e-01
5.439521461669089535e-07,1.559928948387954983e-01
5.455302711669090258e-07,1.556349872036117965e-01
5.471083961669088862e-07,1.551787556539530877e-01
5.486865211669089585e-07,1.545951133833987912e-01
5.502646461669088190e-07,1.538679597657728881e-01
5.518427711669088912e-07,1.530050000148517886e-01
5.534208961669089634e-07,1.520362454421401999e-01
5.549990211669088239e-07,1.510090099540760122e-01
5.565771461669088962e-07,1.499893812680750116e-01
5.581552711669089684e-07,1.490424199021266050e-01
5.597333961669088289e-07,1.482271251385796906e-01
5.613115211669089011e-07,1.475821294907470049e-01
5.628896461669089734e-07,1.471137224375967945e-01
5.644677711669088338e-07,1.467991822147576009e-01
5.660458961669089061e-07,1.465793418851082108e-01
5.676240211669089783e-07,1.463752751629225080e-01
5.692021461669088388e-07,1.461019066405707112e-01
5.707802711669089111e-07,1.456840257422064022e-01
5.723583961669089833e-07,1.450799636108968949e-01
5.739365211669088438e-07,1.442826404339448976e-01
5.755146461669089160e-07,1.433278011401017127e-01
5.770927711669089883e-07,1.422837921303116981e-01
5.786708961669088487e-07,1.412330966611841099e-01
5.802490211669089210e-07,1.402592938859792138e-01
5.818271461669089932e-07,1.394190579699632060e-01
5.834052711669088537e-07,1.387361729181736114e-01
5.849833961669089259e-07,1.381966777370194910e-01
5.865615211669089982e-07,1.377541085997286974e-01
5.881396461669088587e-07,1.373516428142640966e-01
5.897177711669089309e-07,1.369325532845357962e-01
5.912958961669090032e-07,1.364634297898607018e-01
5.928740211669088636e-07,1.359427462148244947e-01
5.944521461669089359e-07,1.353993278081976059e-01
5.960302711669090081e-07,1.348893336722621905e-01
5.976083961669088686e-07,1.344715206851067879e-01
5.991865211669089408e-07,1.341939036045287914e-01
6.007646461669090131e-07,1.340758311953748061e-01
6.023427711669088736e-07,1.340970346942108038e-01
6.039208961669089458e-07,1.342047616471302995e-01
6.054990211669090180e-07,1.343157606098311085e-01
6.070771461669088785e-07,1.343393499683900039e-01
6.086552711669089508e-07,1.341951703513060978e-01
6.102333961669090230e-07,1.338280575520781057e-01
6.118115211669088835e-07,1.332246507775896038e-01
6.133896461669089557e-07,1.324068451498469079e-01
6.149677711669088162e-07,1.314315199922692079e-01
6.165458961669088885e-07,1.303759584642522062e-01
6.181240211669089607e-07,1.293214133655156972e-01
6.197021461669088212e-07,1.283359783623173878e-01
6.212802711669088934e-07,1.274706035831811024e-01
6.228583961669089657e-07,1.267442838519999004e-01
6.244365211669088261e-07,1.261508097523839078e-01
6.260146461669088984e-07,1.256628409256222989e-01
6.275927711669089706e-07,1.252393478554046091e-01
6.291708961669088311e-07,1.248426090910333963e-01
6.307490211669089033e-07,1.244378751388303950e-01
6.323271461669089756e-07,1.240044449511344959e-01
6.339052711669088361e-07,1.235354779615133042e-01
6.354833961669089083e-07,1.230343037549118945e-01
6.370615211669089805e-07,1.225166597926955064e-01
6.386396461669088410e-07,1.219966951072398997e-01
6.402177711669089133e-07,1.214876071121166051e-01
6.417958961669089855e-07,1.209964984192677950e-01
6.433740211669088460e-07,1.205215437649370946e-01
6.449521461669089182e-07,1.200596439988252939e-01
6.465302711669089905e-07,1.196008953711095030e-01
6.481083961669088510e-07,1.191372540437159039e-01
6.496865211669089232e-07,1.186634980451063970e-01
6.512646461669089954e-07,1.181768100491286944e-01
6.528427711669088559e-07,1.176827654008845009e-01
6.544208961669089282e-07,1.171857591481361011e-01
6.559990211669090004e-07,1.166918888718636999e-01
6.575771461669088609e-07,1.162052052015762060e-01
6.591552711669089331e-07,1.157248389947408973e-01
6.607333961669090054e-07,1.152510239612759002e-01
6.623115211669088659e-07,1.147787533298943036e-01
6.638896461669089381e-07,1.143044988001279960e-01
6.654677711669090103e-07,1.138261115026980991e-01
6.670458961669088708e-07,1.133418898592094964e-01
6.686240211669089431e-07,1.128557438883723979e-01
6.702021461669090153e-07,1.123691768110350042e-01
6.717802711669088758e-07,1.118846172535236938e-01
6.733583961669089480e-07,1.114029981022993943e-01
6.749365211669088085e-07,1.109219611466444044e-01
6.765146461669088807e-07,1.104418544905908933e-01
6.780927711669089530e-07,1.099599966828920944e-01
6.796708961669088135e-07,1.094762516944632058e-01
6.812490211669088857e-07,1.089919000807978017e-01
6.828271461669089579e-07,1.085075199617338976e-01
6.844052711669088184e-07,1.080269601862657997e-01
6.859833961669088907e-07,1.075497081585923970e-01
6.875615211669089629e-07,1.070746402503787997e-01
6.891396461669088234e-07,1.065990754347751063e-01
6.907177711669088956e-07,1.061185448911816931e-01
6.922958961669089679e-07,1.056334116906224030e-01
6.938740211669088284e-07,1.051435976024310964e-01
6.954521461669089006e-07,1.046529005407754037e-01
6.970302711669089728e-07,1.041659873957998944e-01
6.986083961669088333e-07,1.036842655864808060e-01
7.001865211669089056e-07,1.032084897996922018e-01
7.017646461669089778e-07,1.027319656409373949e-01
7.033427711669088383e-07,1.022472628304661041e-01
7.049208961669089105e-07,1.017498169282290005e-01
7.064990211669089828e-07,1.012426708847421059e-01
7.080771461669088432e-07,1.007460053490271956e-01
7.096552711669089155e-07,1.002928666448762995e-01
7.112333961669089877e-07,9.992869538987576850e-02
7.128115211669088482e-07,9.969992058526042089e-02
7.143896461669089205e-07,9.963838396218005489e-02
7.159677711669089927e-07,9.975152581463364587e-02
7.175458961669088532e-07,1.000070421786151964e-01
7.191240211669089254e-07,1.003359966588937974e-01
7.207021461669089977e-07,1.006410959575503999e-01
7.222802711669088581e-07,1.008139198984584067e-01
7.238583961669089304e-07,1.007625149663975012e-01
7.254365211669090026e-07,1.004277850995742988e-01
7.270146461669088631e-07,9.980214511860432958e-02
7.285927711669089353e-07,9.893086214866882167e-02
7.301708961669090076e-07,9.790110658520538578e-02
7.317490211669088681e-07,9.681984349204063312e-02
7.333271461669089403e-07,9.579381951595181133e-02
7.349052711669088008e-07,9.490122131390153759e-02
7.364833961669088730e-07,9.418280168826122234e-02
7.380615211669089453e-07,9.363991063942489479e-02
7.396396461669088058e-07,9.324389742883031074e-02
7.412177711669088780e-07,9.295900975096667296e-02
7.427958961669089502e-07,9.275325479875025370e-02
7.443740211669088107e-07,9.261387331930819033e-02
7.459521461669088830e-07,9.254692928064126023e-02
7.475302711669089552e-07,9.256645981375653809e-02
7.491083961669088157e-07,9.268330114815521992e-02
7.506865211669088879e-07,9.288213560511103528e-02
7.522646461669089602e-07,9.311555032157363410e-02
7.538427711669088206e-07,9.330430709054550464e-02
7.554208961669088929e-07,9.335035026552583604e-02
7.569990211669089651e-07,9.316488411424182770e-02
7.585771461669088256e-07,9.268934606355200279e-02
7.601552711669088979e-07,9.192057942348033639e-02
7.617333961669089701e-07,9.091882573495890796e-02
7.633115211669088306e-07,8.979950629575067511e-02
7.648896461669089028e-07,8.871515053022958897e-02
7.664677711669089751e-07,8.781722704804684199e-02
7.680458961669088355e-07,8.722486907062756978e-02
7.696240211669089078e-07,8.699566812782187630e-02
7.712021461669089800e-07,8.711068849777932332e-02
7.727802711669088405e-07,8.748297302139181053e-02
7.743583961669089127e-07,8.797300928679482879e-02
7.759365211669089850e-07,8.842490768723491879e-02
7.775146461669088455e-07,8.870131595592331553e-02
7.790927711669089177e-07,8.871280889992859409e-02
7.806708961669089899e-07,8.843967988906237254e-02
7.822490211669088504e-07,8.792761669360715793e-02
7.838271461669089227e-07,8.727611171246880961e-02
7.854052711669089949e-07,8.660985873522815404e-02
7.869833961669088554e-07,8.604524216106387846e-02
7.885615211669089276e-07,8.566502212457026422e-02
7.901396461669089999e-07,8.549487958637788654e-02
7.917177711669088604e-07,8.550270683843406994e-02
7.932958961669089326e-07,8.560888691191800848e-02
7.948740211669090048e-07,8.570852964324542078e-02
7.964521461669088653e-07,8.570402230228822693e-02
7.980302711669089376e-07,8.552763439407587431e-02
7.996083961669087980e-07,8.516292940331872396e-02
8.011865211669088703e-07,8.464837566157373816e-02
8.027646461669089425e-07,8.406575465565169214e-02
8.043427711669088030e-07,8.352070177503319315e-02
8.059208961669088753e-07,8.310826319104611115e-02
8.074990211669089475e-07,8.288751412758879611e-02
8.090771461669088080e-07,8.286027924629332797e-02
8.106552711669088802e-07,8.296421000635482990e-02
8.122333961669089525e-07,8.308679522151968255e-02
8.138115211669088129e-07,8.308680073963911616e-02
8.153896461669088852e-07,8.283219941085241678e-02
8.169677711669089574e-07,8.223512703056962136e-02
8.185458961669088179e-07,8.127846551231583672e-02
8.201240211669088901e-07,8.003073665705959239e-02
8.217021461669089624e-07,7.863398436838643646e-02
8.232802711669088229e-07,7.727983365768131829e-02
8.248583961669088951e-07,7.616784380696647871e-02
8.264365211669089673e-07,7.545930025641273131e-02
8.280146461669088278e-07,7.524153441918422780e-02
8.295927711669089001e-07,7.550135439836698492e-02
8.311708961669089723e-07,7.612726357811507027e-02
8.327490211669088328e-07,7.693116327290483447e-02
8.343271461669089050e-07,7.768821660664301798e-02
8.359052711669089773e-07,7.818905170492082557e-02
8.374833961669088378e-07,7.828243572605489420e-02
8.390615211669089100e-07,7.791002884296033271e-02
8.406396461669089822e-07,7.711610179779596064e-02
8.422177711669088427e-07,7.603374121113037898e-02
8.437958961669089150e-07,7.485029284143891737e-02
8.453740211669089872e-07,7.376592381734511927e-02
8.469521461669088477e-07,7.294448203072693981e-02
8.485302711669089199e-07,7.248239628243738353e-02
8.501083961669089922e-07,7.239212638328319793e-02
8.516865211669088526e-07,7.260644080725281446e-02
8.532646461669089249e-07,7.300493728502392698e-02
8.548427711669089971e-07,7.344246676507203142e-02
8.564208961669088576e-07,7.378637310661795290e-02
8.579990211669089299e-07,7.394253878298433225e-02
8.595771461669087903e-07,7.386858314346331222e-02
8.611552711669088626e-07,7.357705420330719337e-02
8.627333961669089348e-07,7.311917366441411659e-02
8.643115211669087953e-07,7.256916648970739014e-02
8.658896461669088675e-07,7.200432951011322136e-02
8.674677711669089398e-07,7.148933787720607169e-02
8.690458961669088003e-07,7.107115956221703168e-02
8.706240211669088725e-07,7.077351450606639283e-02
8.722021461669089447e-07,7.060221380418507664e-02
8.737802711669088052e-07,7.054876670692282470e-02
8.753583961669088775e-07,7.059338686237755234e-02
8.769365211669089497e-07,7.071003140279705224e-02
8.785146461669088102e-07,7.086376160361503029e-02
8.800927711669088824e-07,7.101445526817101728e-02
8.816708961669089547e-07,7.111910229744530798e-02
8.832490211669088152e-07,7.113635933383351262e-02
8.848271461669088874e-07,7.103635742216163340e-02
8.864052711669089596e-07,7.080356206971054334e-02
8.879833961669088201e-07,7.044337416415834274e-02
8.895615211669088924e-07,6.998074102648726980e-02
8.911396461669089646e-07,6.945354698536357341e-02
8.927177711669088251e-07,6.890570633196110850e-02
8.942958961669088973e-07,6.837222377944425500e-02
8.958740211669089696e-07,6.787243973726511670e-02
8.974521461669088300e-07,6.740496803316943508e-02
8.990302711669089023e-07,6.694945458107591507e-02
9.006083961669089745e-07,6.647817547514202341e-02
9.021865211669088350e-07,6.596613583596702690e-02
9.037646461669089073e-07,6.540694152477151413e-02
9.053427711669089795e-07,6.482188092193426343e-02
9.069208961669088400e-07,6.426141728094109107e-02
9.084990211669089122e-07,6.380101229063143975e-02
9.100771461669089845e-07,6.352239742167659076e-02
9.116552711669088449e-07,6.349503450984791963e-02
9.132333961669089172e-07,6.375411383014777111e-02
9.148115211669089894e-07,6.428355312051781123e-02
9.163896461669088499e-07,6.501239610706124883e-02
9.179677711669089221e-07,6.581778457895419432e-02
9.195458961669089944e-07,6.654619986905066509e-02
9.211240211669088549e-07,6.704141322628090482e-02
9.227021461669089271e-07,6.717616779199837851e-02
9.242802711669087876e-07,6.688352711744888213e-02
9.258583961669088598e-07,6.617236286350315633e-02
9.274365211669089321e-07,6.513304400287350804e-02
9.290146461669087926e-07,6.392276514499571627e-02
9.305927711669088648e-07,6.273537612703894428e-02
9.321708961669089370e-07,6.176488989472950913e-02
9.337490211669087975e-07,6.116202406738671660e-02
9.353271461669088698e-07,6.100369103825235145e-02
9.369052711669089420e-07,6.127467690646890702e-02
9.384833961669088025e-07,6.186897464015137654e-02
9.400615211669088747e-07,6.261369361211201190e-02
9.416396461669089470e-07,6.330324118837715730e-02
9.432177711669088074e-07,6.374518370980283843e-02
9.447958961669088797e-07,6.380130193009737882e-02
9.463740211669089519e-07,6.341661356002649408e-02
9.479521461669088124e-07,6.263291848698859798e-02
9.495302711669088847e-07,6.157629970743749848e-02
9.511083961669089569e-07,6.043145704904982762e-02
9.526865211669088174e-07,5.940091465457526809e-02
9.542646461669088896e-07,5.866086233663245220e-02
9.558427711669089619e-07,5.832563879242560340e-02
9.574208961669088223e-07,5.842202948927496808e-02
9.589990211669088946e-07,5.888597899507778261e-02
9.605771461669089668e-07,5.957623918682163761e-02
9.621552711669088273e-07,6.030411231127563026e-02
9.637333961669088995e-07,6.087204378179721098e-02
9.653115211669089718e-07,6.111588234629926342e-02
9.668896461669088323e-07,6.093541093877061221e-02
9.684677711669089045e-07,6.031619127482520937e-02
9.700458961669089767e-07,5.933190502961933899e-02
9.716240211669088372e-07,5.812910912324348311e-02
9.732021461669089095e-07,5.690068082389636295e-02
9.747802711669089817e-07,5.584498493865881763e-02
9.763583961669088422e-07,5.512859554539351753e-02
9.779365211669089144e-07,5.485296234385096670e-02
9.795146461669089867e-07,5.503436009342151103e-02
9.810927711669088472e-07,5.560400259386011346e-02
9.826708961669089194e-07,5.642102887949065199e-02
9.842490211669087799e-07,5.730455790419911738e-02
9.858271461669088521e-07,5.807194134091309828e-02
9.874052711669089244e-07,5.857662893438560225e-02
9.889833961669087848e-07,5.873944475036656232e-02
9.905615211669088571e-07,5.855935619983972801e-02
9.921396461669089293e-07,5.810988991341588250e-02
9.937177711669087898e-07,5.751578077220383806e-02
9.952958961669088620e-07,5.691812868098215794e-02
9.968740211669089343e-07,5.643966312850209888e-02
9.984521461669087948e-07,5.615235565838583298e-02
1.000030271166909079e-06,5.606391044841046306e-02
1.001608396166908939e-06,5.612016099404106700e-02
1.003186521166909011e-06,5.622428168512411811e-02
1.004764646166909084e-06,5.626907158124151709e-02
1.006342771166908944e-06,5.616676877493433084e-02
1.007920896166909016e-06,5.587549820933664091e-02
1.009499021166909089e-06,5.540955358618868815e-02
1.011077146166908949e-06,5.483314718005458804e-02
1.012655271166909021e-06,5.424263932133799315e-02
